A,0.740224348,2.965156478,3.442474904,5.083580116,9.417223139,-6.643505955,9.624886494
A,0.766577801,3.070571572,3.506189284,7.298474898,13.03746277,-8.836192961,12.75259133
A,0.756549869,3.072980128,3.540165142,5.359912194,9.822824644,-7.058748085,10.42988004
A,0.763212751,2.997284941,3.571949409,6.283040964,11.67490979,-7.784171322,11.2377598
A,0.740917104,3.131325216,3.444895667,4.964657171,9.183008846,-6.688016909,9.778189009
A,0.765444194,3.036979443,3.538500103,6.312355341,-11.44593346,-8.014467246,11.34279595
A,0.746725613,3.126539249,3.555053133,5.085418172,9.409493792,-6.88782058,-10.28378435
A,0.759736076,3.037644207,3.532623104,6.007538912,-10.85407259,-7.794147352,11.04140669
A,0.748380449,3.002495106,3.631446317,5.303796546,9.772262344,-6.905393051,10.9769514
A,0.756685415,2.987111356,3.50864363,6.139146842,-10.97372835,-8.80275822,-11.62232737
A,0.746837082,3.028825646,3.574937808,5.221066732,9.62897342,-6.843566662,10.29446506
A,0.759794083,2.946647078,3.595822959,6.672408661,13.35381864,8.239821681,-11.80669919
A,0.74636667,2.919292538,3.597591764,5.237311728,9.660035327,-6.792300828,10.46478955
A,0.768108432,3.128634671,3.659442122,6.178117094,11.40845049,-7.743318213,11.15596851
A,0.736834761,2.897754537,3.482479105,5.172056714,9.529225948,-6.720578423,9.944635698
A,0.767935711,3.101323061,3.633732558,6.132793847,11.80766857,-7.687888695,11.02180169
A,0.749382146,3.137974441,3.5295334,5.123050524,9.449367198,-6.923333281,-11.42127228
A,0.766371618,3.101921515,3.524853927,6.59079152,11.74578399,-8.146019002,11.87000202
A,0.743170087,3.038529826,3.431431051,4.995244745,9.215721347,-6.724076441,9.953709697
A,0.765094188,3.072056936,3.547736602,6.846136016,12.47413964,-8.389120116,12.07515793
A,0.74421403,2.974861238,3.539009576,5.142445943,9.489225728,-6.772364566,10.26361946
A,0.760069498,2.983372155,3.559161126,5.762726163,10.6843776,-7.256397791,10.50143508
A,0.741822297,2.952132373,3.57022262,5.109111091,9.455087169,-6.750218024,10.22031417
A,0.761204212,3.008345881,3.569181611,5.620198171,10.56518829,-7.134285014,10.26313974
A,0.749194066,3.133736076,3.530932309,5.031718442,9.334791739,-6.716862722,9.823495308
A,0.763427343,3.008779757,3.62506245,6.079606422,-11.03893911,-7.796092744,11.13693645
A,0.748014571,3.084626977,3.54565221,4.899273577,9.159019772,-6.564051943,9.522731433
A,0.762949629,3.056912578,3.605905025,6.077261258,-11.25519176,-7.698688982,10.97071188
A,0.766201907,3.057928005,3.5468869,6.691448025,12.12241505,-8.221796581,11.86961051
A,0.766770945,3.213672238,3.574635343,5.895795453,10.66046425,-7.668312241,11.07938055
A,0.763761246,3.112449303,3.494670263,6.031859644,-12.77499944,-7.615192222,10.79514842
A,0.760909852,3.214547679,3.518843683,5.57156144,10.11877474,-7.424727046,11.13446829
A,0.739560255,3.117460991,3.452707611,5.280416117,9.647229131,-6.915716613,-11.11551336
A,0.762910323,3.036619841,3.503679982,6.072348123,-11.22598173,-7.654565811,10.90496414
A,0.737169149,3.088219925,3.447007931,5.229969864,9.588488378,-6.816199983,10.09593743
A,0.762818189,3.054569229,3.492308216,6.0696491,-11.085708,-7.690253993,10.94043473
A,0.763334664,3.098552968,3.575843168,5.916942775,11.14860417,-7.466846191,10.68791477
A,0.752598489,3.101114402,3.447306806,5.269023754,9.981897046,-6.822624846,9.674357684
A,0.765681602,3.095659421,3.57442297,6.254665353,12.62297156,-7.827458324,11.16947836
A,0.755958572,3.177620255,3.541303845,5.254182334,9.676272959,-6.949523713,10.13913511
A,0.74448896,3.1147539,3.553960902,5.0785348,9.41250522,-6.91470515,-9.947697503
A,0.768248655,3.019690654,3.600602047,6.648383324,12.84600096,-8.182823735,11.77443219
A,0.745557816,3.170003536,3.526330512,5.058684472,9.438943032,-7.130909689,-9.590342916
A,0.767545689,3.006446608,3.579685717,6.411526739,13.00009337,-7.933901504,11.40727454
B,0.698226297,2.569571159,3.79838952,5.64399046,10.67435796,-6.928776087,-10.42500052
B,0.699809719,2.424927836,3.962716025,5.140146525,-9.926316076,6.618581749,9.781560137
B,0.728961032,2.496503133,3.835640237,4.67881618,9.814048318,6.006409056,8.939886616
B,0.724762651,2.644021879,3.699900478,5.21952,-10.054604,6.785089593,9.721668126
B,0.719771184,2.453121683,4.060587558,4.984811257,-9.731900254,6.669605804,9.603004413
B,0.727120035,2.647782265,3.829117458,5.510449698,-10.21628721,7.92389973,10.58791168
B,0.740812961,2.521495534,3.735276941,4.919549196,9.608520314,6.23340327,9.29250105
B,0.70244392,2.474483944,4.109487563,4.958401166,-9.494277626,-6.590080927,-10.5186737
B,0.723907245,2.577820999,3.71183701,5.754104992,-10.48714485,-7.833986422,12.23651137
B,0.720892204,2.5144461,3.98290415,5.004797043,-9.946446825,6.440329722,9.528184043
B,0.734881276,2.585893485,3.61998315,4.843165562,9.673797653,6.223608063,9.088955915
B,0.719606283,2.349320956,3.697666059,4.640756788,9.102457429,5.878256506,8.875360822
B,0.736732048,2.59795206,3.769125769,5.112245777,10.33597459,6.491353165,9.55891062
B,0.722074948,2.503654164,3.823921657,4.563706146,9.730994311,5.927206582,8.759987626
B,0.750902644,2.755658965,3.876875345,5.212351324,-10.06666675,6.873164105,9.816618619
B,0.723128503,2.449924335,4.115701629,4.814881857,-10.06596582,6.296945859,9.286076418
B,0.732044032,2.562214902,3.633163003,5.234864255,10.07001564,6.530394213,9.70613445
B,0.713386388,2.461357545,4.013720965,4.856504593,-9.598952899,6.437690273,9.352024939
B,0.743228551,2.62502663,3.830900156,4.992703978,-9.879147598,6.641971655,9.430394269
B,0.709808115,2.340896337,3.845072158,4.48651499,-10.13299961,5.836031894,8.652546034
B,0.739225746,2.578200719,3.768387316,4.974969285,-10.01017652,6.635125458,9.357121976
B,0.708748558,2.324563342,3.87451672,4.528974307,-10.89794965,5.863581516,8.730729874
B,0.723298743,2.439389365,4.202890124,4.540068271,-9.267913704,6.190671499,8.958315707
B,0.725811787,2.571845549,3.765901022,5.101386004,-9.535029765,-6.907875379,12.50640934
B,0.730967629,2.624931497,3.521771236,4.98773929,-10.31181508,6.482588497,9.244078338
B,0.72125258,2.541517612,3.886464954,4.870202141,10.01369802,6.187788613,9.25503569
B,0.721126266,2.427118064,4.1766946,4.570934863,-9.23734961,6.306507181,9.010103284
B,0.728756988,2.547332332,3.603609331,4.799561012,-9.998776547,6.337464747,9.003352655
B,0.733549474,2.597778533,3.72914349,4.936882742,9.767938594,6.33141005,9.292993169
B,0.711852606,2.422532157,3.975972714,5.389918845,-10.71036975,6.794061467,10.08470963
B,0.706872159,2.598570262,3.700315893,6.261605829,11.45428699,-7.96553844,11.34538867
B,0.711132489,2.4238052,4.018132242,4.771785965,-9.507630017,6.24452018,9.217404382
B,0.702266144,2.412606528,3.742140181,4.628375546,-10.31762098,5.974830313,8.81384671
B,0.710825557,2.486900941,3.712575618,5.207101337,-9.708653225,7.668298026,10.04570205
B,0.745390803,2.620952987,3.623204469,4.940538572,9.63180766,6.356698346,9.258154972
B,0.730060349,2.494908895,3.971440625,4.891935799,-9.834362844,6.275093601,9.345341687
B,0.747463266,2.620604817,3.761010226,4.932930782,9.75682462,6.418052414,9.305502301
B,0.728696467,2.503633788,3.891607704,4.763447472,-9.584978345,6.171351738,9.114530446
B,0.688021583,2.513380594,3.679837077,6.913589941,-12.4414224,8.422353594,12.30216779
B,0.697487542,2.406226948,3.981404002,4.692142502,-9.565644521,6.113525637,9.048072083
C,0.539211265,1.947648985,2.181593538,2.531337475,5.028091567,3.505463246,-5.049049905
C,0.622348603,2.240120126,2.607031817,3.236586508,6.394590492,4.362505608,-6.247633939
C,0.667218842,2.610960823,2.823157723,3.677500692,-7.0195039,5.709723567,-7.159310755
C,0.574840864,2.15813879,2.273683409,2.930344308,5.660375795,4.010309546,-5.707973645
C,0.539057464,2.123053033,2.152359014,2.794083535,5.571542619,3.871458073,-5.328715351
C,0.544384791,2.112390929,2.141587343,2.701066612,5.521801916,3.781156553,-5.159975389
C,0.689437391,2.692457448,2.936091775,3.930288037,-7.366556581,-5.987672928,-8.289213282
C,0.439147282,2.816073709,5.257973583,4.36178497,9.537809706,5.770361724,-9.216146477
C,0.696926891,2.689047365,2.941108901,3.964129536,-7.427114028,-6.389200625,-8.082497532
C,0.583389369,2.225439496,2.353901229,2.927016443,5.74637421,4.042251965,-5.692891243
C,0.448067127,2.957912818,4.083223358,3.998067438,8.062478054,5.52737248,-8.530893339
C,0.604489908,2.262047971,2.41335535,3.017231167,6.007248807,4.153992888,-5.804521565
C,0.562262254,2.176552412,2.266243203,2.988166717,5.909165115,4.090107394,-5.680307833
C,0.624563998,2.466709422,2.705113895,3.329552057,-6.438988154,5.042654833,-6.577551277
C,0.518877856,1.899807152,2.20892294,2.646293293,5.419191209,3.605583275,-5.123418004
C,0.561366081,2.193452743,2.3232677,3.067247104,5.994420885,4.172396184,-5.853950086
C,0.540583702,1.928920084,2.348372524,2.920398779,5.747543357,3.888587348,-5.66995047
C,0.337356156,3.092588406,3.974364029,3.848312163,7.787311841,-5.409291504,8.220772895
C,0.614613789,2.589752764,2.61601235,3.42906244,-6.633444187,5.192298088,-6.574740897
C,0.604808314,2.30843818,2.463073802,3.350954814,6.544345482,4.518874107,-6.32555134
C,0.518645224,1.909095371,2.290296367,2.763074762,5.46251492,3.721478813,-5.420103326
C,0.471643833,1.792341546,1.945725822,2.368526396,4.749996426,3.265702774,-4.621171483
C,0.648281773,2.584372583,2.752882231,3.562646993,-6.841120165,5.447587286,-6.905485344
C,0.553799642,2.157412292,2.285527823,2.96468787,5.852511074,4.058024686,-5.666702132
C,0.538846541,2.066167596,2.271145727,2.857678361,5.916730573,3.921472099,-5.445572936
C,0.699676517,2.956856685,2.936699613,3.989147559,-7.458391227,6.742346518,-8.223239295
C,0.527770284,2.066127698,2.119470236,2.688650471,5.509671484,3.727823798,-5.127129757
C,0.593744949,2.348183453,2.373379609,3.156209022,6.138619721,4.334106157,-6.020330816
C,0.547972888,2.065312108,2.277627029,2.908780298,5.797760249,3.957309701,-5.566233197
C,0.538022129,2.102132542,2.14400383,2.574442354,5.235495049,3.626161455,-4.995868931
C,0.636329893,2.606998695,2.744017618,3.448299065,-6.629539357,5.322356123,-6.789069573
C,0.409416498,2.981626679,5.044300984,3.351345078,7.774921181,4.864046096,-7.643912402
C,0.684888326,2.824764058,2.862835951,3.773445653,-7.097362959,-5.631443997,7.882012927
C,0.54277313,2.101726016,2.220559731,2.775321942,5.544890126,3.833820933,-5.346489679
C,0.497548405,2.018351009,1.996571073,2.396033125,4.890133033,3.410905358,-4.655892767
C,0.614252009,2.29027311,2.457704307,3.360944104,6.544695584,4.527191371,-6.342382363
C,0.715393346,2.506677438,2.919129865,4.449399831,8.168599727,5.709331247,-8.54764456
C,0.516655776,1.984153361,2.148244862,2.612657771,5.307872152,3.624709121,-5.051187218
C,0.632197345,2.464852716,2.610225587,3.447291263,-6.573344995,5.295871801,-6.697215155
C,0.512212425,1.967777754,2.118028045,2.617896411,5.246098509,3.60530737,-5.063825727
C,0.394254061,3.337182962,3.964653707,3.614222903,7.491052948,6.188996004,7.643535552
C,0.621990958,2.147928489,2.635728557,3.216890107,6.249486163,4.290931025,-6.349317091
C,0.563185966,1.993170703,2.354992294,2.762521417,5.524406054,3.759994101,-5.429474375
C,0.66946102,2.709628731,2.815758884,3.763473118,-7.099437429,5.865115484,-7.411211446
C,0.565842037,2.123663326,2.230112564,2.902347029,5.593980191,3.966293099,-5.647491873
C,0.693117298,2.804183224,2.845568171,3.870014819,-7.25374985,6.031957965,-7.70201152
C,0.569838886,2.122509889,2.351112741,2.957051117,5.864985692,4.028348323,-5.691918418
C,0.612163551,2.295757288,2.501843902,3.387275664,6.590486212,4.539230895,-6.410492595
C,0.540695594,1.974634511,2.222046935,2.797919308,5.614636245,3.785391138,-5.368503339
C,0.544348579,2.008235454,2.232610068,2.806491687,5.561608056,3.830333864,-5.415601399
C,0.499969212,1.867386235,1.903597366,2.341154542,4.713399758,3.282407269,-4.546135254
C,0.555546057,2.068203747,2.246270123,2.924845332,5.684603399,3.971091685,-5.639563995
C,0.623433697,2.414178356,2.641619687,3.236231197,-6.529916316,4.756715253,-6.222312756
C,0.651906314,2.361449553,2.662193444,3.455133942,6.807359985,4.650876747,-6.578814398
C,0.722792085,2.825112888,3.039265256,4.280522712,-7.948717198,-6.254170936,8.653378719
C,0.606726292,2.177758432,2.32238337,2.92144422,5.738382581,4.010752521,-5.656953078
C,0.683061562,2.44497419,2.771681286,3.854717118,7.681181598,5.118407936,-7.189369949
D,0.673461949,3.557105251,3.408355924,4.856941663,-9.96512819,6.819633426,8.992034566
D,0.727578143,5.265363656,4.619566421,4.906215687,-10.54032381,7.794838683,-9.673072072
D,0.690620264,3.60933628,3.660377428,4.383414389,10.1749864,6.198201045,8.405373026
D,0.77631434,4.152999345,3.922608481,5.396802001,-10.08185185,-8.09857125,10.5354907
D,0.766230935,3.589939584,3.89708935,4.770462464,9.51376931,-6.919973167,9.139959393
D,0.758472548,3.236862375,4.126380522,4.647145249,9.402679668,6.529315951,9.077797761
D,0.772525685,4.603252445,5.323635379,5.955784909,11.62628586,8.367257997,-12.03487521
D,0.776606007,4.394420182,3.981926057,5.337520897,-10.05567214,-8.17376887,10.31087111
D,0.761255713,3.870239797,4.193451514,4.672732036,-9.305818907,-7.095554722,9.216067471
D,0.764045013,3.598075528,5.050969166,4.862633267,-10.18115091,7.474734849,9.864936333
D,0.763703839,3.327352366,4.16471866,4.967325122,9.876369159,-6.631045402,9.583448242
D,0.768198455,4.240701106,5.073180663,5.153492,11.01295571,-7.571180796,-10.27393368
D,0.681481627,3.392207574,3.61513958,4.541169111,-8.751658577,6.534081771,8.789680604
D,0.679317363,3.330413371,3.241452331,4.450242692,-9.701290544,6.205728579,8.296426474
D,0.733006097,5.36310273,4.895251299,4.830901008,-10.49844818,8.164217622,-9.699387335
D,0.763405287,3.976851895,4.403399002,4.883251337,-9.553252446,-7.096452279,9.995095244
D,0.751713974,3.210557362,3.456520084,4.458387302,-9.457570893,6.282698854,8.417640249
D,0.747142748,4.317787698,3.951828349,4.630873981,-9.125838183,-6.869055812,9.030108419
D,0.774309563,3.547081248,4.199569319,5.229960085,-10.58566264,7.552625267,9.956378938
D,0.768821814,3.700515183,3.788362315,5.094916303,-9.737214018,7.37403037,9.646361634
D,0.773261155,4.070686182,4.150696429,5.061567857,-9.75457738,-9.277799774,9.908616152
D,0.682198342,3.7192427,3.472288788,4.541697012,-8.795844511,6.578298075,8.632562825
D,0.741887377,3.913276009,4.123104822,4.624780072,-9.002712649,-7.209324002,9.868598112
D,0.750944817,6.41838636,4.712161865,4.834059866,-9.727674793,-8.186034924,-9.792519831
D,0.736749793,3.795343591,4.184891617,4.525072376,-8.88080385,-6.623793979,-10.1114268
D,0.759614993,4.433596757,4.929419216,4.980388432,10.39742274,-7.460603165,-9.962817276
D,0.753174507,4.062267218,3.973573304,4.657517473,-9.000965474,-6.947386832,9.43241952
D,0.699492268,3.593502873,3.532769862,4.558931288,-8.731443217,-6.664665425,-8.782097932
D,0.71745869,3.402008079,3.824355878,4.611572739,-8.83136806,6.708859021,9.867483462
D,0.742278837,4.864902295,4.771827514,4.715180037,-9.764548497,-7.395876961,-9.519565247
D,0.704460082,3.577432856,3.523373702,4.571325474,-8.649457978,-6.821660476,9.058107009
D,0.710215891,3.2002136,3.751050989,5.001667614,-9.388082844,-7.086446559,-10.05020155
D,0.70930193,3.509831458,3.425034469,4.564418696,-9.543392405,6.442483331,8.561492778
D,0.749087374,4.434670242,4.64080014,4.795015901,-9.516608338,-7.033011824,-10.39995636
D,0.759752938,3.999300056,4.072446571,4.666727129,-9.194047653,-7.421517099,9.179842572
D,0.764654797,3.695745975,4.226658825,4.766100389,10.01246253,-6.676914071,9.269458283
D,0.75973548,4.803346048,4.175579627,4.726731559,-9.243295143,7.43583529,9.470332605
D,0.767394743,3.828340224,5.603308586,5.063935038,-10.55336535,-8.443645423,-10.54290432
D,0.712046964,3.81616972,3.498742531,4.586332299,-8.631369746,-6.77940885,-9.599522863
D,0.747096739,3.711036097,4.048271532,4.591860145,-9.275237365,6.874750515,8.957057702
D,0.753411258,4.357857581,4.903002291,4.882909281,-10.01601095,-7.423742565,-9.863122386
E,0.720446315,4.048118236,3.423573328,4.371886106,-8.32752382,-7.159806896,8.584934644
E,0.727519258,4.786349274,3.496405045,4.456514004,-8.677601695,-6.849941223,8.518047803
E,0.679163055,4.26678932,3.266703343,4.575120231,-8.49607047,-6.743171467,10.3719675
E,0.736847175,3.632332883,3.407123779,4.524881321,-8.491089748,-6.384814683,10.00256018
E,0.703011249,4.914093215,3.461139628,4.57897615,-8.653702993,-7.425283502,8.925302119
E,0.711759809,3.564951302,3.217344569,4.336154394,-8.118062696,-6.125057888,-8.927580119
E,0.552171331,3.06195339,3.909221935,4.516828082,-8.737312575,6.100617793,-9.465594933
E,0.644035381,4.696490058,2.974290019,4.279672291,-7.988789998,-6.729809015,8.15753767
E,0.565843575,3.823293956,2.832801954,4.374514749,-7.988675282,6.306244843,8.641140414
E,0.589959844,4.024160575,2.988528562,4.226972996,-7.835672097,6.27057645,9.015097105
E,0.658001347,3.845166257,3.064838987,4.062273017,-7.768535557,-5.993681225,7.78444377
E,0.41925044,2.377677288,2.881771894,3.287002216,-6.731402225,-5.027628899,6.417290155
E,0.667888094,4.466474107,3.311975133,4.388927607,-8.279739787,6.699693449,8.624644119
E,0.711208882,3.722268733,3.280834967,4.232585589,-8.433155226,-6.19192599,8.019412336
E,0.690787702,5.826278403,3.373265929,4.523158853,-8.609370251,-7.438739289,8.635167995
E,0.536142116,2.950897965,4.223587638,3.663441614,-7.607614724,-5.371497383,-8.866389865
E,0.692484101,4.013406792,3.246478571,4.279928956,-8.271983605,-6.40265427,8.136201043
E,0.628480588,3.992115531,3.157714438,4.434496804,-8.231394888,6.524232654,-9.449886031
E,0.627975723,3.855409043,3.177102561,4.341205523,-8.103100495,6.56067322,-9.051156806
E,0.643148568,4.075900013,2.882913922,4.082192454,-7.741487414,-6.245366257,7.691862884
E,0.679182292,3.829549616,3.171860136,4.12710408,-8.767592495,-6.193246599,7.778861364
E,0.444593634,2.814736253,2.658596833,3.456101765,-6.762429256,-4.927995228,6.596469525
E,0.591152273,3.90550048,2.937490426,4.437313536,-8.152805633,6.391090906,-8.582709578
E,0.727295858,3.607466925,3.278053622,4.454924123,-8.336507354,-6.272328259,8.907886284
E,0.7096282,4.007983374,3.308106541,4.424917594,-8.346812794,-6.444625044,8.615221387
E,0.649034909,4.239233075,3.208941171,4.180494279,-7.896947454,6.3820869,8.385781922
E,0.454508824,2.083796664,2.755161597,3.566424861,-7.074668571,-5.144214453,6.776184719
E,0.746450023,4.093327034,3.497148284,4.762580255,-9.026503152,7.154028964,-9.06076605
E,0.745895012,3.929913537,3.345809553,4.792038589,-8.896810497,-7.117821638,-9.269785735
E,0.707906571,4.589772372,3.439269214,4.5096254,-8.739142074,7.21289323,8.56431195
E,0.72662857,5.19849692,3.507479693,4.479488676,-9.289648978,7.621723323,8.478083828
E,0.742681878,3.79732624,3.488999022,4.479622057,-8.531069399,-6.402446534,8.751533635
E,0.735508195,4.14800361,3.331512694,4.430657738,-8.446573407,-7.161503732,8.479164208
E,0.589270481,2.87399019,4.116495951,3.998509349,8.11379599,7.196907058,8.371737069
E,0.731953392,3.941877638,3.362045258,4.376919607,-8.260719404,-6.34787784,8.843967013
E,0.704603012,4.389206465,3.277904743,4.413125523,-8.269311911,-7.883569399,8.918223855
E,0.728478156,4.150564479,3.273608083,4.309934942,-8.101757269,-6.390205134,-9.917115368
E,0.676868607,4.22105806,3.291877049,4.315443536,-8.159279733,6.749485105,8.50527648
E,0.745127847,4.333870275,3.490184688,4.667196341,-8.880250899,6.834135357,8.913851308
E,0.714862157,3.721823085,3.200490361,4.121712658,-8.641261668,6.010770225,7.787022019
E,0.750876268,4.458342381,3.558928439,4.80178214,-8.982173195,8.656100154,10.87379973
E,0.74713644,5.001383476,3.602623751,4.706155784,-8.872320751,-7.24749138,9.499299572
E,0.755715277,3.438454959,3.581496453,4.809347189,-9.029945343,7.351841778,-9.485116481
E,0.619053777,2.551255278,4.416232598,3.735078795,8.013313172,-5.477662978,7.919285976
E,0.535743839,2.016921756,2.763497267,4.403365335,8.919204651,5.451531169,-7.989781466
E,0.743202651,5.741191046,3.477086324,4.652814448,-9.064368467,7.538946237,8.766946197
E,0.747830888,3.417546299,3.329476563,4.637459583,-8.975097659,-6.94988342,8.668227038
E,0.656543008,4.222449095,3.299801372,4.272854954,-8.096893638,6.656477698,8.457911462
E,0.724253878,3.727865815,3.262637923,4.350921993,-8.200321394,-6.234680029,8.532236521
E,0.708801367,3.934300424,3.301534823,4.320784623,-8.131950799,-6.329673031,10.39544996
E,0.668320397,4.225848762,3.166578007,4.333063222,-8.095076542,-6.847128522,8.71427878
E,0.471057653,2.211553528,3.414137117,3.824720226,-8.124511975,-6.157571946,7.453824268
E,0.63008976,3.749149004,3.187763122,4.239360094,-8.057455309,6.131154631,-8.161844981
E,0.643895033,4.623504624,3.058466811,4.384701429,-8.109476542,7.881056007,9.024293306
E,0.706288561,3.764290576,3.239122814,4.316657459,-8.094555852,-6.248880612,10.3045354
E,0.667972261,3.995931637,3.154740387,4.142281783,-7.884326571,-6.150080041,8.01877671
E,0.577252614,3.898190942,2.939673732,4.249218446,-7.870576401,6.271717657,8.310386766
E,0.615029888,4.661468711,3.054552798,4.21070385,-8.044516136,6.796864119,7.95279302
E,0.6875451,3.722121448,3.132501446,4.272494186,-8.07838631,-6.182970996,8.185770567
E,0.41789661,2.904766552,2.742548209,3.283413223,-6.414120636,-5.028681931,6.485544046
E,0.69212232,3.567871952,3.196229314,4.341930546,-8.294751803,-6.221730371,8.232714984
E,0.683997907,3.78999947,3.206498514,4.211084955,-8.467897442,-6.39862173,7.938020577
E,0.539246107,3.512635197,2.817304438,4.119247459,-7.593544973,6.168144457,8.369049707
E,0.529294307,2.929208992,2.890529473,4.159169755,-7.712227735,5.629159931,-8.141159079
F,0.505909581,2.720519234,2.007220144,3.268564904,6.240327529,4.838857843,-5.958998139
F,0.632571195,2.622860657,2.506438891,3.917612287,7.852721775,5.426530411,-7.137553368
F,0.569011876,2.70550908,2.255686245,3.557986235,6.578103196,4.975676864,-6.660305222
F,0.582413609,2.568637082,2.330654766,3.347059012,6.532963025,4.725044584,-6.234984678
F,0.658279875,2.972181283,2.510178511,4.083172341,7.384133385,5.628780824,-8.234357521
F,0.640440667,3.246239802,2.389280697,3.687920717,6.942493805,5.367104124,-6.826808145
F,0.592354536,2.80650557,2.275119687,3.558067121,6.553390266,5.024997709,-6.733145088
F,0.64656579,3.050973285,2.515088497,3.757774961,7.068504023,5.475055901,-7.02328883
F,0.705285721,3.210964963,2.678893248,4.333820479,8.060832656,6.034700046,-7.937761556
F,0.710427447,3.099844215,2.756252235,4.406694779,8.827777093,6.329665198,-7.992761555
F,0.630880996,2.747029393,2.409448036,3.879608695,7.243862703,5.390019657,-7.122250508
F,0.699308255,2.897744572,2.721993418,4.408721309,9.060788166,6.184269719,-7.975540163
F,0.532184201,2.531760099,2.092349776,3.533530474,6.582512227,4.95353534,-6.435786772
F,0.622644645,2.662852122,2.456516057,3.560545135,6.84381763,4.969850943,-6.641065982
F,0.712803723,3.307080497,2.651633747,4.263019672,8.161204386,6.126825512,-7.750912927
F,0.712461192,2.991180018,2.67764657,4.238375092,7.860664656,5.926709028,-7.833957833
F,0.707365412,3.503870117,2.606821211,4.373826706,8.021262759,6.210084259,-8.008263097
F,0.714269982,2.986159974,2.786300426,4.389621936,8.232980932,6.038235973,-8.057675695
F,0.722550476,3.128716334,2.794114818,4.40806931,8.104091656,6.025912669,-8.234574839
F,0.708774636,3.139425292,2.714309803,4.451135589,-8.506332657,-8.296674695,-8.060022461
F,0.673230394,3.547617439,2.572043375,4.054738998,7.368693243,5.88825422,8.661511955
F,0.503818441,2.754362107,2.035616239,3.280661369,6.150915475,4.831824283,-6.041383277
F,0.547677214,2.731137512,2.16734974,3.528609333,6.44083464,4.930356908,-6.672375218
F,0.687843895,3.016020048,2.614192987,4.305764831,7.892187523,5.87470641,-7.943334854
F,0.574655859,2.582105061,2.265884637,3.381376902,6.630261453,4.838082371,-6.23803353
F,0.649397747,3.170739246,2.485673146,4.162727565,7.788881381,6.111147016,-7.549090337
F,0.683606464,3.170409114,2.572334337,4.170302217,7.563419292,5.764543368,-8.0515896
F,0.664698824,3.741752638,2.551172383,3.713481476,6.968367031,-6.270523807,-7.028418362
F,0.696967702,2.986849318,2.664014173,4.178529483,8.094114643,5.932846642,-7.6233212
F,0.606563598,3.139682075,2.316890413,3.537033521,6.626802339,5.177862914,-6.602877309
F,0.558507266,2.929327173,2.165750619,3.31839926,6.325909405,4.889809911,-6.136234935
F,0.565043604,2.574200045,2.193472396,3.54096415,6.552185046,4.85422788,-6.56541116
F,0.651553972,3.084137554,2.497285533,3.825110796,7.158540117,5.444688034,-7.117083474
F,0.672139375,2.87751957,2.601149348,4.162782729,8.145561669,5.817658899,-7.558846524
F,0.542885045,2.940648788,2.110735435,3.422413968,6.36963753,4.998796093,-6.313046486
F,0.687464264,3.095649545,2.614560238,4.348807363,7.982299617,5.942687795,-7.979720365
F,0.510388844,2.606224898,1.988546677,3.179085719,6.040564494,4.697147409,-5.833754737
F,0.535915943,2.805785213,2.108564368,3.25266537,6.080672079,4.679915124,-6.086963969
F,0.631882151,2.669072521,2.442813491,3.865186956,7.022908801,5.237278361,-7.904056386
F,0.621468577,2.891530977,2.394285327,3.678545378,6.895419336,5.233250341,-6.839165267
F,0.681710368,3.22816778,2.527490326,4.171977136,7.636395453,5.894309725,-7.715159894
F,0.676886958,3.08587111,2.4936931,4.050094311,7.323711054,5.603874945,-8.373078787
F,0.699349377,3.255266649,2.638326893,4.322183736,7.995251375,6.147542848,-7.917567744
F,0.699296197,2.975501856,2.658253628,5.114581953,-9.261387878,-6.786753434,-9.078902817
F,0.508539141,2.566265874,2.019085492,2.609621944,4.934108033,3.900521753,5.594543765
F,0.728449184,3.260698633,2.81810065,4.610649898,8.579991479,6.457865032,-8.405310503
F,0.692134608,3.22115999,2.548326981,4.205773865,7.63546181,5.816511233,-7.916341101
F,0.581050411,2.231687529,2.359114857,4.080142614,7.350506789,5.228760335,-7.640366814
F,0.705919698,3.262412197,2.662773319,4.225730831,7.758908991,5.981645556,-7.906793258
F,0.688489659,2.988228377,2.618475366,3.976758787,7.679121266,5.984008443,-7.310963793
F,0.695166482,3.182066306,2.604230494,4.329917943,7.843585971,5.923685275,-8.154085704
F,0.698433749,3.089600071,2.57947997,4.255857945,8.005035974,5.968458182,-7.726718427
F,0.730199605,3.41537447,2.794044339,4.674528232,8.71350196,6.498180123,-8.4700783
F,0.690720388,3.020431556,2.614634012,4.137297888,7.58237569,5.675128676,-7.795504918
G,0.685252708,4.445159947,3.687637039,4.687117194,-9.256349979,6.975596222,-8.915558186
G,0.677075182,3.566123699,3.697231278,4.78642163,9.868855695,6.89339374,-9.032820051
G,0.661196909,4.468141668,3.83125638,4.686669766,10.00207811,7.28579309,-8.947313746
G,0.53518909,4.491552565,3.373689136,4.316148428,-8.17167026,6.59142024,-8.822008919
G,0.560407257,4.89885661,3.387351588,4.378967697,9.057845448,6.83561576,-8.267762957
G,0.61518737,5.418455695,3.827537103,4.46928393,-8.617867712,-7.418203057,10.16680265
G,0.675620752,3.979228537,3.746536969,4.776149123,-9.065154694,-7.271894831,9.498607861
G,0.705716668,4.233283168,3.878098647,4.75617153,-9.797450968,7.522462529,-9.081182842
G,0.723665051,3.895052147,3.728031264,4.577390542,8.810124815,6.668616706,-8.985654494
G,0.615144674,4.580507286,3.384707784,4.42168754,-8.444437072,6.713409929,-8.511524498
G,0.626184344,4.788254064,3.807806091,4.624857649,-9.251860495,-7.304502737,-8.876707326
G,0.652990821,5.247924104,3.638374838,4.645684679,-8.934901008,-7.643135653,-8.941609675
G,0.610972296,3.998722592,3.947885181,4.25658731,-8.480884895,-6.296076005,-8.542090962
G,0.533508051,3.67448085,3.210131822,4.059868078,-7.729071534,5.967265161,8.113087199
G,0.564052206,4.92069565,3.865433457,4.359009384,-8.818349608,7.66398766,-8.520281411
G,0.599207968,4.226457199,3.538585073,4.284669351,9.068576241,6.89689107,-8.20024236
G,0.626651473,5.471817753,3.759835758,4.527228068,-8.99921671,-7.425596073,-8.724806392
G,0.696642584,4.875651907,3.74239126,4.843065236,9.779670052,-7.77780207,-9.147286757
G,0.718479212,4.52460455,3.651515718,4.56908444,-10.16040967,7.051312752,-8.679621625
G,0.694316196,4.373638326,3.536537282,4.584311701,-9.674711751,-7.552350845,-8.646635964
G,0.540339005,3.571722808,2.892357906,4.69292101,8.884981168,-7.424024446,-8.523139929
G,0.679574626,5.675370333,4.054914918,4.574872761,9.730129279,7.447415559,-8.894343782
G,0.701206091,5.001341921,3.678265129,4.577983169,9.248960045,7.900505382,-8.72470746
G,0.714769905,3.957824587,3.719842019,4.516943411,8.685026908,6.533058243,-8.979947173
G,0.623032218,4.607155444,3.464354357,4.476980528,-8.466886644,-8.471994635,-8.983485888
G,0.58056471,3.846541587,3.357305572,4.158785922,8.804280604,6.569460849,-7.920508964
G,0.531117452,4.591566538,2.996615514,3.68121461,-7.473556067,6.367598295,-7.0488582
G,0.549311516,5.018235397,3.547182298,4.010575527,8.564050916,6.521276196,-7.795674093
G,0.676410961,5.23390251,3.747436166,4.559785346,-8.780202937,-7.505328765,-9.001910505
G,0.636933695,3.444118446,4.52709076,4.967790427,9.720528049,6.915255675,-10.52423512
G,0.571678017,5.404698015,3.827148175,4.106680679,-9.429621273,6.810340187,-8.074016922
G,0.534023236,3.75743214,3.166613548,3.847026897,-7.537962219,5.943549241,-7.475271162
G,0.584152466,3.904752826,3.369466268,4.394938209,-9.628183416,-7.116470376,-8.277572065
G,0.616987742,4.250706334,3.949620406,4.334460997,-8.862591692,-6.505774922,-8.516694406
G,0.527466239,4.043757425,3.003516686,3.969956563,-7.690563589,6.510297799,-7.547122476
G,0.535743443,4.853994206,3.525335311,4.176464476,-8.309130112,-6.690536762,-8.096654621
G,0.379839476,2.693073736,4.689372277,4.175778478,-9.042646115,-5.827539941,-8.639930335
G,0.614957691,4.596284594,3.717712054,4.350551271,9.781076119,-6.6490794,-8.385033134
G,0.547133714,4.29069789,3.027091534,3.950948034,-7.690729571,6.500734083,-7.522160697
G,0.56031593,4.558026214,3.416868079,4.119989587,-9.111481144,6.479447566,-7.889197187
G,0.603922476,4.696829461,3.445113931,4.498041649,-8.880511637,-8.440593551,-8.505097959
G,0.627953825,4.279095343,3.571368917,4.403180554,-8.517479028,-6.5483317,-8.56731463
G,0.565576931,4.966426501,3.417667306,4.355776789,-8.988711373,-7.069481702,-8.249601356
G,0.587622805,3.883307799,3.216175237,4.09390949,8.078526905,6.365821082,-7.802683264
G,0.540249587,4.393630988,3.03072026,4.040086934,-7.997176966,-7.335701328,-7.609108024
G,0.634732832,4.644467336,3.616798836,4.471476065,-8.704663246,-6.837100658,-8.633412482
G,0.574872428,3.902590468,3.026108582,4.243759541,-7.983433525,6.216699769,-8.08728363
G,0.579373752,5.827643519,3.513898635,4.431655665,9.035120361,7.686288514,-8.416666448
G,0.650918615,4.090825423,3.443725825,4.470247646,8.60288477,6.820825109,-8.555223976
G,0.67366835,4.106734093,3.650707962,4.742500416,9.387044583,-6.93514767,-8.968620501
G,0.554102538,4.089409904,3.676252105,4.199831396,-9.155101824,-6.277164822,-8.13988831
G,0.577360241,4.104496293,3.310677027,4.114907261,-8.740881883,8.499786201,-7.830962641
G,0.539894713,4.736272747,3.025099086,4.016037601,-7.554528757,6.914755913,-8.08717979
G,0.626009084,4.024070837,3.542698155,4.448174859,-8.501124284,-6.488126467,-8.760227955
ZZ,0.675629655,3.05808431,3.059917684,5.546024381,-9.854551292,-7.075296225,10.6477682
ZZ,0.643815133,3.069783935,2.912819326,4.746505045,-9.253620585,-6.453744557,-8.585976113
ZZ,0.70359691,2.981825434,3.112259688,5.139188069,9.656275504,-6.965669981,-9.304047863
ZZ,0.686064314,3.049332411,3.078606332,5.063462745,9.221023995,7.749030349,-9.376127999
ZZ,0.675074112,3.204823136,2.985439613,4.951562719,-8.993517101,-6.566936614,-9.191127951
ZZ,0.681929331,2.935191896,3.068801113,5.006751192,9.074799356,6.661614769,9.487344054
ZZ,0.746174204,3.030469979,3.19621486,5.310483718,11.00992003,-7.130952759,-9.564111528
ZZ,0.703130913,3.007180166,3.081527592,5.212671974,-10.64522868,-6.875424061,-9.360355773
ZZ,0.70331685,2.764690712,3.095832513,4.987082252,9.114743784,7.348262898,-9.270830743
ZZ,0.711195927,2.965926675,3.099338177,4.774051267,8.71125736,6.723321242,10.02501024
ZZ,0.708866519,3.052721697,3.156030095,5.618127676,-10.45209875,-7.460202268,10.03487544
ZZ,0.711949213,3.030125675,3.21217168,5.447926143,9.796017472,7.42354807,10.32716361
ZZ,0.683457456,3.346603221,3.114645801,5.182118038,-9.34448686,-6.964693545,9.93297225
ZZ,0.675212035,3.146094902,3.028469148,5.507970384,10.31682243,-8.26458945,9.794989981
ZZ,0.693835311,3.355554655,3.006523856,4.763356234,-8.693383519,-6.441505781,-9.011800302
ZZ,0.489943999,2.751655343,3.78246872,4.565615561,-8.749559536,-5.9762569,9.415109145
ZZ,0.689187391,2.989877135,3.022385383,5.280666711,9.714711632,6.975645978,9.501200597
ZZ,0.747746824,3.255521024,3.243156317,5.795999829,-10.90653182,-7.644433275,10.33035326
ZZ,0.73366886,3.004056866,3.22404908,5.808872953,-11.18643927,-7.433438311,-10.32949014
ZZ,0.718564298,2.892697883,3.160161338,5.502971286,-9.861534867,-6.963846982,10.30061364
ZZ,0.683529967,3.151981947,3.002895102,4.816887616,-8.733949871,-6.398714121,-9.470945021
ZZ,0.684027766,3.260664801,3.112457752,5.457296432,9.747961698,7.214947463,-10.53216754
ZZ,0.683537759,3.338264587,3.166024937,5.326310944,-9.839579345,-7.027697666,-9.647548146
ZZ,0.67822638,3.188231633,3.070712198,5.037015057,9.372627674,6.741753995,9.160175234
ZZ,0.741019568,3.202996352,3.25397041,5.747635174,10.30619012,7.658651663,10.56426752
ZZ,0.528575105,3.215396762,3.947906561,3.744955006,7.771212481,5.490485124,-7.716079283
ZZ,0.710528793,3.218938406,3.079253767,4.924748341,-8.992387473,-6.557066017,-9.218541594
ZZ,0.736760137,3.025123475,3.345074284,6.032821352,-10.98440062,-7.812174139,10.79871126
ZZ,0.683270636,3.236380814,3.044302677,5.943609469,-10.45039307,-7.563885233,11.05825349
ZZ,0.657919347,3.392611549,2.904757673,4.862318177,-8.779204792,-6.559470903,-9.169154853
ZZ,0.462718639,2.731872506,5.218713215,4.277823108,-9.049656767,-5.675602258,-9.520006328
ZZ,0.667524115,3.130211895,3.006881977,4.93184419,9.074665235,6.641888255,9.030973401
ZZ,0.675176321,3.124446465,2.99159235,5.412189695,9.748842512,7.776572269,9.781581776
ZZ,0.663673407,2.729202387,3.121123451,5.212155769,-9.654354767,6.596520609,9.450465121
ZZ,0.681838602,3.09785562,3.090680108,5.061575728,-9.854445317,-6.754046969,-9.145858196
ZZ,0.679641845,2.941293345,3.088095209,4.663916904,8.823934707,6.181313962,8.608374954
ZZ,0.676012604,3.140776322,3.120672131,5.575503503,-9.961396972,-7.295639996,10.32181876
ZZ,0.662505949,3.031174905,2.93649361,4.86950496,-8.935339836,-6.390592025,-8.911360326
ZZ,0.467273596,2.763347003,3.694075685,4.979862339,-9.316901513,-6.459309706,-11.06219266
ZZ,0.653163685,3.053265304,3.045874883,5.156006617,-9.2575279,6.74578989,10.54370083
ZZ,0.721662561,3.088865383,3.147796843,5.439869854,-10.40931615,-7.099070035,-9.743597505
ZZ,0.705751486,2.92372146,3.181597486,5.675032605,10.17892553,-7.891984651,-10.36922146
ZZ,0.669856025,3.29897244,2.86112211,5.215821828,-10.05806531,-7.20666357,9.259721647
ZZ,0.686830506,2.800034577,3.024223365,5.456856426,-10.35018965,-6.96688887,-9.708415267
ZZ,0.672538643,3.257471381,3.090402832,5.99881008,-10.6458968,7.941595358,-10.75570225
ZZ,0.472356718,2.853409453,3.690022749,3.938124111,8.443931852,5.515991691,7.761368707
ZZ,0.660854605,3.259883372,3.013316441,5.274874197,-9.47338749,-6.912013375,-9.746116547
ZZ,0.667978506,3.162849433,3.124793805,5.477958146,-9.864373811,7.249065286,-10.02403442
ZZ,0.672475871,3.015911639,3.026292923,5.257685392,-10.11337958,-7.167971261,9.407946151
ZZ,0.446688478,3.021518933,3.813505777,3.61749014,-8.975307329,5.195700474,-7.333100878
ZZ,0.624723409,3.122713344,2.746934251,4.647087856,-8.490041334,-6.334593073,8.499284843
ZZ,0.653039948,2.803702736,3.004653951,5.493829011,9.835728802,7.13642786,9.972689694
ZZ,0.691002412,3.182965464,3.057599952,5.537566274,9.880487751,7.260565797,-10.19756852
ZZ,0.691910424,3.446599452,3.037295227,5.230675818,-9.404045985,-6.956103289,-9.7547698
ZZ,0.484262094,3.017413071,4.659151324,4.358079644,-8.967464025,-5.868869236,-9.081848523
ZZ,0.701816955,3.107318589,3.087273066,5.141254451,9.409671024,6.812232169,9.402455332
