0, 0.740224347794,2.96515647796,3.44247490424,5.08358011606,9.41722313895,-6.64350595476,9.62488649401
0, 0.766577801422,3.07057157236,3.50618928409,7.29847489756,13.0374627656,-8.83619296114,12.752591333
0, 0.756549868577,3.07298012757,3.54016514179,5.35991219414,9.8228246436,-7.05874808549,10.4298800432
0, 0.763212751383,2.99728494094,3.57194940921,6.2830409637,11.674909793,-7.78417132178,11.2377597966
0, 0.740917104301,3.13132521601,3.44489566707,4.96465717123,9.18300884595,-6.68801690903,9.77818900851
0, 0.76544419384,3.03697944287,3.53850010256,6.31235534103,-11.4459334614,-8.01446724593,11.3427959454
0, 0.746725612844,3.12653924937,3.55505313253,5.08541817171,9.40949379154,-6.88782057986,-10.2837843499
0, 0.759736075972,3.03764420714,3.53262310372,6.00753891237,-10.8540725912,-7.79414735222,11.0414066862
0, 0.748380448545,3.00249510571,3.63144631703,5.30379654555,9.77226234444,-6.9053930508,10.9769514013
0, 0.756685415256,2.98711135609,3.5086436297,6.13914684236,-10.9737283494,-8.80275821961,-11.6223273671
0, 0.746837082005,3.0288256457,3.57493780763,5.22106673194,9.62897342,-6.84356666234,10.2944650594
0, 0.759794083292,2.94664707818,3.59582295889,6.67240866149,13.3538186395,8.23982168084,-11.8066991909
0, 0.746366669965,2.91929253769,3.59759176357,5.2373117279,9.66003532746,-6.79230082754,10.4647895456
0, 0.76810843191,3.12863467064,3.65944212244,6.17811709412,11.4084504933,-7.74331821299,11.1559685051
0, 0.73683476055,2.89775453677,3.48247910514,5.17205671376,9.52922594771,-6.7205784234,9.94463569755
0, 0.767935710898,3.10132306139,3.63373255765,6.13279384665,11.8076685714,-7.6878886948,11.0218016945
0, 0.749382145573,3.13797444058,3.52953340004,5.12305052352,9.44936719795,-6.92333328068,-11.4212722768
0, 0.766371617826,3.10192151472,3.52485392675,6.5907915197,11.7457839864,-8.14601900245,11.8700020153
0, 0.743170086605,3.03852982558,3.43143105114,4.99524474534,9.21572134727,-6.7240764411,9.95370969718
0, 0.765094188032,3.07205693553,3.54773660154,6.84613601589,12.4741396351,-8.38912011633,12.0751579343
0, 0.74421402987,2.97486123832,3.53900957609,5.14244594266,9.48922572795,-6.77236456596,10.2636194555
0, 0.760069498253,2.98337215466,3.55916112561,5.76272616284,10.6843776022,-7.25639779121,10.5014350763
0, 0.741822297052,2.95213237338,3.57022262045,5.10911109111,9.45508716905,-6.750218024,10.2203141681
0, 0.761204211766,3.00834588147,3.56918161086,5.62019817059,10.5651882894,-7.13428501396,10.2631397387
0, 0.749194065654,3.13373607637,3.53093230883,5.03171844164,9.33479173854,-6.71686272246,9.82349530829
0, 0.763427343486,3.00877975721,3.62506245019,6.07960642248,-11.0389391088,-7.79609274402,11.1369364458
0, 0.748014571118,3.08462697707,3.54565220992,4.89927357657,9.15901977219,-6.56405194304,9.52273143309
0, 0.762949629162,3.05691257809,3.60590502484,6.07726125834,-11.2551917608,-7.69868898172,10.9707118799
0, 0.766201907273,3.05792800546,3.54688690015,6.69144802526,12.1224150503,-8.22179658147,11.8696105113
0, 0.766770944784,3.21367223817,3.57463534338,5.89579545292,10.6604642527,-7.66831224056,11.0793805472
0, 0.763761245897,3.11244930344,3.49467026293,6.0318596439,-12.7749994411,-7.61519222185,10.7951484221
0, 0.760909852276,3.21454767859,3.51884368277,5.57156143994,10.1187747367,-7.42472704622,11.1344682857
0, 0.739560255386,3.11746099131,3.45270761146,5.2804161166,9.64722913149,-6.91571661284,-11.1155133613
0, 0.762910322583,3.03661984111,3.50367998238,6.07234812343,-11.2259817299,-7.6545658107,10.9049641429
0, 0.737169149172,3.0882199254,3.44700793134,5.22996986391,9.58848837813,-6.81619998306,10.0959374346
0, 0.762818189267,3.05456922901,3.49230821577,6.06964909968,-11.0857079978,-7.69025399327,10.940434725
0, 0.763334663714,3.09855296769,3.57584316819,5.91694277549,11.1486041703,-7.46684619052,10.6879147739
0, 0.752598489463,3.10111440223,3.44730680607,5.2690237542,9.98189704603,-6.82262484612,9.67435768449
0, 0.765681602186,3.09565942148,3.5744229701,6.25466535307,12.6229715637,-7.82745832443,11.1694783578
0, 0.755958572242,3.17762025474,3.54130384507,5.25418233401,9.67627295865,-6.9495237129,10.1391351123
0, 0.744488960224,3.11475390042,3.55396090226,5.07853480032,9.41250521963,-6.91470515017,-9.94769750258
0, 0.768248655286,3.01969065445,3.60060204696,6.64838332371,12.8460009638,-8.18282373463,11.7744321884
0, 0.745557816256,3.17000353614,3.52633051236,5.05868447194,9.43894303204,-7.13090968942,-9.59034291604
0, 0.767545689249,3.00644660811,3.5796857167,6.41152673919,13.0000933743,-7.93390150371,11.4072745384
1, 0.698226297398,2.56957115872,3.79838952004,5.64399045998,10.6743579639,-6.92877608703,-10.4250005249
1, 0.699809719181,2.42492783582,3.96271602521,5.14014652512,-9.92631607563,6.6185817488,9.78156013676
1, 0.728961031556,2.4965031327,3.83564023652,4.67881618035,9.81404831784,6.0064090555,8.93988661578
1, 0.72476265076,2.64402187912,3.69990047829,5.21952000016,-10.0546039996,6.78508959319,9.72166812644
1, 0.719771184232,2.45312168275,4.06058755789,4.98481125706,-9.73190025415,6.66960580392,9.60300441279
1, 0.727120034648,2.64778226543,3.82911745767,5.51044969777,-10.2162872141,7.92389972974,10.5879116774
1, 0.740812960906,2.52149553441,3.73527694138,4.91954919565,9.60852031398,6.2334032695,9.29250105038
1, 0.702443919691,2.47448394396,4.10948756333,4.95840116564,-9.49427762588,-6.59008092702,-10.5186736966
1, 0.723907244898,2.57782099854,3.71183701032,5.75410499249,-10.4871448516,-7.83398642162,12.2365113745
1, 0.720892203928,2.5144461003,3.9829041501,5.00479704332,-9.94644682498,6.4403297217,9.52818404302
1, 0.73488127556,2.58589348545,3.61998314999,4.84316556246,9.67379765278,6.22360806311,9.08895591457
1, 0.719606282609,2.34932095584,3.69766605871,4.64075678759,9.10245742888,5.87825650644,8.87536082185
1, 0.736732048093,2.59795206016,3.76912576912,5.11224577742,10.3359745876,6.49135316514,9.55891062007
1, 0.72207494837,2.50365416388,3.82392165663,4.56370614605,9.7309943109,5.92720658247,8.75998762619
1, 0.750902644256,2.75565896539,3.87687534535,5.21235132369,-10.066666753,6.87316410477,9.81661861883
1, 0.723128502805,2.44992433459,4.11570162925,4.81488185747,-10.0659658222,6.29694585864,9.28607641783
1, 0.732044032483,2.56221490173,3.63316300259,5.23486425541,10.0700156414,6.53039421298,9.70613444957
1, 0.713386388386,2.46135754529,4.0137209645,4.85650459313,-9.59895289879,6.43769027318,9.35202493938
1, 0.743228550891,2.62502662971,3.83090015646,4.99270397782,-9.87914759816,6.64197165459,9.43039426941
1, 0.709808114718,2.34089633673,3.84507215774,4.48651498957,-10.1329996086,5.83603189409,8.65254603374
1, 0.739225745555,2.57820071939,3.76838731592,4.97496928548,-10.0101765243,6.63512545825,9.35712197584
1, 0.708748558147,2.32456334217,3.87451671953,4.5289743074,-10.8979496494,5.86358151558,8.73072987408
1, 0.723298743494,2.43938936534,4.20289012392,4.54006827087,-9.26791370446,6.19067149919,8.95831570653
1, 0.725811787029,2.57184554891,3.76590102214,5.10138600432,-9.5350297653,-6.90787537864,12.5064093445
1, 0.730967629462,2.62493149674,3.52177123625,4.98773929024,-10.3118150794,6.48258849716,9.24407833797
1, 0.721252579787,2.54151761181,3.88646495403,4.87020214134,10.0136980223,6.18778861311,9.25503569022
1, 0.721126266323,2.42711806434,4.17669460005,4.57093486275,-9.23734960976,6.30650718109,9.01010328399
1, 0.728756987642,2.54733233194,3.60360933092,4.79956101222,-9.99877654673,6.33746474675,9.00335265464
1, 0.733549474054,2.59777853278,3.72914349,4.93688274166,9.76793859424,6.33141004965,9.29299316947
1, 0.711852606482,2.42253215671,3.97597271372,5.38991884475,-10.710369748,6.7940614673,10.0847096285
1, 0.706872158653,2.59857026196,3.70031589332,6.26160582938,11.4542869855,-7.96553843982,11.3453886721
1, 0.711132488753,2.42380519981,4.01813224248,4.77178596514,-9.50763001679,6.24452017978,9.21740438248
1, 0.702266144422,2.41260652783,3.74214018108,4.62837554611,-10.3176209816,5.97483031265,8.81384671049
1, 0.710825557298,2.48690094089,3.71257561777,5.20710133672,-9.70865322479,7.66829802648,10.0457020519
1, 0.74539080276,2.62095298717,3.62320446862,4.94053857241,9.63180766017,6.3566983459,9.25815497241
1, 0.7300603492,2.49490889475,3.97144062489,4.89193579935,-9.83436284366,6.27509360051,9.3453416868
1, 0.747463265989,2.62060481671,3.76101022588,4.93293078249,9.75682462007,6.41805241352,9.30550230076
1, 0.728696467464,2.50363378799,3.89160770351,4.76344747246,-9.58497834461,6.17135173833,9.11453044615
1, 0.68802158336,2.51338059413,3.67983707668,6.91358994087,-12.4414223989,8.42235359423,12.3021677914
1, 0.697487542356,2.40622694754,3.98140400176,4.69214250191,-9.56564452105,6.11352563703,9.04807208293
2, 0.539211264943,1.94764898543,2.18159353828,2.53133747531,5.02809156656,3.50546324602,-5.04904990463
2, 0.622348602638,2.24012012567,2.60703181716,3.2365865075,6.39459049161,4.36250560755,-6.24763393862
2, 0.667218842164,2.61096082316,2.82315772274,3.6775006924,-7.01950390001,5.70972356688,-7.15931075487
2, 0.57484086351,2.15813879035,2.27368340938,2.93034430755,5.66037579469,4.01030954633,-5.70797364492
2, 0.539057464254,2.12305303343,2.15235901362,2.79408353466,5.57154261874,3.87145807284,-5.32871535051
2, 0.544384791421,2.11239092932,2.14158734314,2.70106661182,5.52180191623,3.7811565532,-5.15997538879
2, 0.689437390673,2.69245744848,2.93609177528,3.930288037,-7.36655658123,-5.98767292782,-8.28921328236
2, 0.439147281939,2.81607370928,5.25797358314,4.36178497009,9.53780970613,5.77036172439,-9.21614647655
2, 0.696926891415,2.68904736464,2.94110890075,3.96412953564,-7.42711402822,-6.38920062523,-8.08249753207
2, 0.583389369422,2.22543949553,2.35390122933,2.92701644318,5.74637421045,4.04225196534,-5.69289124289
2, 0.448067126777,2.95791281843,4.08322335818,3.99806743801,8.06247805426,5.52737248041,-8.53089333892
2, 0.604489908092,2.26204797134,2.41335535041,3.01723116731,6.00724880722,4.15399288768,-5.80452156465
2, 0.562262253508,2.17655241234,2.26624320262,2.98816671683,5.90916511464,4.09010739427,-5.68030783312
2, 0.6245639976,2.4667094217,2.70511389535,3.32955205655,-6.43898815367,5.04265483253,-6.57755127748
2, 0.518877855685,1.89980715161,2.20892294048,2.64629329274,5.41919120876,3.60558327549,-5.12341800404
2, 0.561366081012,2.1934527427,2.32326770011,3.06724710382,5.99442088461,4.17239618392,-5.85395008569
2, 0.540583702075,1.92892008392,2.3483725237,2.92039877877,5.74754335652,3.88858734752,-5.66995046971
2, 0.337356156123,3.09258840595,3.97436402939,3.84831216265,7.78731184121,-5.40929150445,8.22077289508
2, 0.614613789253,2.58975276379,2.61601234956,3.42906243976,-6.63344418679,5.19229808829,-6.57474089681
2, 0.604808314154,2.30843817954,2.46307380188,3.35095481436,6.54434548191,4.51887410742,-6.32555134027
2, 0.518645224268,1.90909537077,2.2902963674,2.76307476209,5.46251491984,3.72147881283,-5.42010332602
2, 0.471643832828,1.79234154583,1.94572582168,2.36852639641,4.74999642566,3.26570277409,-4.62117148297
2, 0.648281773052,2.58437258295,2.75288223124,3.56264699282,-6.84112016495,5.44758728607,-6.9054853435
2, 0.553799641597,2.15741229235,2.28552782304,2.96468786981,5.85251107385,4.05802468635,-5.66670213247
2, 0.538846540962,2.06616759614,2.27114572703,2.85767836057,5.91673057324,3.92147209883,-5.44557293574
2, 0.699676517265,2.95685668487,2.93669961305,3.98914755865,-7.45839122731,6.74234651842,-8.22323929477
2, 0.527770284185,2.06612769803,2.11947023552,2.68865047132,5.50967148398,3.72782379814,-5.12712975698
2, 0.593744948899,2.34818345302,2.3733796092,3.15620902199,6.1386197211,4.33410615653,-6.02033081571
2, 0.547972888118,2.06531210828,2.27762702907,2.90878029766,5.79776024855,3.95730970118,-5.5662331967
2, 0.538022129171,2.10213254234,2.14400382998,2.57444235394,5.23549504947,3.62616145497,-4.99586893121
2, 0.636329893086,2.60699869512,2.7440176177,3.44829906544,-6.62953935666,5.32235612252,-6.78906957317
2, 0.409416497562,2.98162667898,5.04430098385,3.35134507775,7.77492118144,4.86404609551,-7.64391240158
2, 0.684888326374,2.82476405767,2.86283595057,3.77344565326,-7.09736295907,-5.6314439974,7.88201292679
2, 0.542773130448,2.10172601605,2.22055973136,2.77532194152,5.54489012598,3.83382093322,-5.34648967896
2, 0.497548405354,2.01835100917,1.99657107296,2.39603312454,4.8901330333,3.41090535766,-4.65589276714
2, 0.614252008856,2.29027311,2.45770430669,3.36094410408,6.54469558385,4.52719137124,-6.34238236342
2, 0.715393345961,2.50667743783,2.91912986549,4.44939983123,8.16859972685,5.70933124685,-8.54764456005
2, 0.516655776338,1.98415336102,2.14824486216,2.61265777133,5.30787215206,3.62470912088,-5.0511872182
2, 0.632197345203,2.46485271636,2.6102255865,3.4472912632,-6.57334499454,5.29587180147,-6.69721515493
2, 0.512212425373,1.9677777539,2.11802804505,2.6178964113,5.24609850915,3.60530737016,-5.06382572748
2, 0.394254061379,3.33718296168,3.96465370734,3.61422290296,7.49105294769,6.18899600428,7.64353555231
2, 0.621990957765,2.14792848919,2.63572855683,3.21689010663,6.24948616314,4.2909310248,-6.34931709106
2, 0.56318596633,1.99317070254,2.35499229441,2.76252141662,5.52440605374,3.75999410131,-5.4294743748
2, 0.669461019611,2.70962873085,2.81575888438,3.76347311832,-7.09943742897,5.86511548432,-7.4112114457
2, 0.565842037331,2.12366332641,2.23011256399,2.90234702861,5.59398019093,3.96629309903,-5.64749187267
2, 0.693117297569,2.80418322381,2.84556817107,3.870014819,-7.25374985028,6.03195796476,-7.70201151965
2, 0.569838885641,2.12250988929,2.35111274125,2.95705111718,5.86498569178,4.02834832323,-5.69191841817
2, 0.612163550568,2.29575728768,2.50184390183,3.38727566395,6.59048621175,4.5392308952,-6.41049259495
2, 0.540695593607,1.97463451073,2.2220469352,2.79791930793,5.61463624497,3.785391138,-5.36850333949
2, 0.544348578809,2.00823545433,2.23261006774,2.80649168743,5.56160805583,3.8303338644,-5.41560139873
2, 0.499969211508,1.86738623452,1.9035973657,2.34115454153,4.71339975844,3.28240726884,-4.54613525358
2, 0.555546057083,2.06820374744,2.24627012331,2.92484533241,5.68460339923,3.97109168465,-5.63956399474
2, 0.62343369679,2.41417835637,2.64161968705,3.23623119681,-6.52991631562,4.75671525265,-6.2223127559
2, 0.651906313893,2.36144955347,2.66219344425,3.45513394156,6.80735998514,4.65087674668,-6.57881439817
2, 0.722792084975,2.82511288772,3.03926525611,4.28052271198,-7.94871719752,-6.25417093643,8.65337871856
2, 0.606726292332,2.17775843234,2.32238336979,2.92144421954,5.7383825806,4.01075252121,-5.65695307803
2, 0.683061561522,2.44497419044,2.77168128628,3.85471711784,7.68118159848,5.11840793595,-7.18936994917
3, 0.67346194868,3.55710525055,3.40835592389,4.85694166285,-9.96512818955,6.81963342599,8.99203456576
3, 0.72757814261,5.26536365573,4.61956642076,4.90621568715,-10.5403238144,7.79483868315,-9.6730720723
3, 0.690620264372,3.60933628004,3.66037742826,4.38341438915,10.1749864028,6.19820104508,8.40537302634
3, 0.776314339849,4.15299934505,3.9226084805,5.39680200149,-10.0818518478,-8.09857125028,10.535490695
3, 0.766230935494,3.58993958371,3.89708934955,4.77046246365,9.51376931037,-6.9199731671,9.13995939334
3, 0.758472547813,3.23686237522,4.12638052168,4.64714524948,9.40267966751,6.52931595086,9.07779776145
3, 0.77252568467,4.6032524445,5.32363537854,5.95578490868,11.6262858563,8.3672579966,-12.0348752097
3, 0.776606006953,4.39442018161,3.98192605746,5.33752089708,-10.0556721424,-8.17376886997,10.3108711147
3, 0.761255713043,3.87023979699,4.19345151406,4.67273203638,-9.30581890685,-7.09555472212,9.21606747107
3, 0.764045013198,3.59807552775,5.05096916562,4.8626332669,-10.1811509089,7.4747348489,9.86493633291
3, 0.763703839471,3.32735236573,4.1647186599,4.96732512177,9.87636915909,-6.63104540241,9.58344824161
3, 0.768198454959,4.24070110562,5.073180663,5.15349199995,11.0129557098,-7.57118079554,-10.2739336824
3, 0.681481626513,3.39220757446,3.61513958044,4.54116911065,-8.75165857681,6.53408177112,8.78968060368
3, 0.679317362542,3.33041337133,3.2414523314,4.45024269152,-9.70129054426,6.20572857928,8.29642647433
3, 0.733006097299,5.36310272951,4.89525129862,4.83090100771,-10.4984481761,8.16421762177,-9.69938733479
3, 0.763405286882,3.97685189545,4.4033990019,4.88325133676,-9.55325244573,-7.09645227909,9.9950952435
3, 0.751713973837,3.21055736244,3.45652008427,4.45838730178,-9.45757089264,6.28269885393,8.41764024904
3, 0.747142748356,4.31778769753,3.95182834862,4.63087398142,-9.12583818349,-6.86905581194,9.03010841864
3, 0.774309563142,3.5470812479,4.19956931909,5.22996008488,-10.5856626424,7.55262526677,9.95637893768
3, 0.768821813655,3.70051518296,3.78836231518,5.09491630251,-9.73721401758,7.37403036994,9.64636163439
3, 0.773261154579,4.07068618205,4.1506964293,5.06156785702,-9.75457738039,-9.27779977406,9.90861615248
3, 0.682198342126,3.71924270015,3.47228878751,4.54169701205,-8.79584451098,6.57829807455,8.63256282465
3, 0.741887376513,3.91327600935,4.12310482235,4.62478007152,-9.00271264941,-7.20932400247,9.86859811233
3, 0.750944817006,6.41838635993,4.71216186525,4.83405986608,-9.72767479259,-8.186034924,-9.79251983107
3, 0.736749793152,3.79534359072,4.18489161685,4.52507237605,-8.88080385022,-6.62379397938,-10.1114267984
3, 0.759614993046,4.43359675697,4.92941921614,4.98038843162,10.3974227442,-7.4606031654,-9.96281727577
3, 0.753174506816,4.06226721833,3.97357330393,4.65751747266,-9.00096547355,-6.94738683168,9.43241952006
3, 0.699492267517,3.59350287307,3.53276986189,4.55893128789,-8.73144321746,-6.66466542497,-8.78209793159
3, 0.717458689991,3.40200807864,3.8243558775,4.61157273945,-8.83136806002,6.70885902081,9.86748346181
3, 0.742278837382,4.86490229477,4.77182751433,4.71518003748,-9.7645484974,-7.39587696138,-9.51956524709
3, 0.704460082141,3.57743285634,3.52337370204,4.57132547432,-8.64945797789,-6.8216604762,9.05810700901
3, 0.71021589059,3.20021359969,3.751050989,5.00166761441,-9.38808284432,-7.08644655942,-10.0502015528
3, 0.709301930302,3.50983145832,3.42503446877,4.56441869602,-9.54339240513,6.44248333137,8.56149277758
3, 0.749087373796,4.43467024236,4.64080014045,4.79501590119,-9.51660833783,-7.03301182378,-10.3999563638
3, 0.759752938374,3.99930005602,4.0724465708,4.66672712886,-9.19404765261,-7.42151709891,9.17984257181
3, 0.764654796975,3.69574597536,4.2266588246,4.76610038885,10.0124625269,-6.67691407146,9.26945828299
3, 0.759735479622,4.80334604751,4.17557962684,4.72673155852,-9.24329514335,7.43583529031,9.47033260506
3, 0.767394743497,3.8283402237,5.60330858583,5.06393503797,-10.5533653531,-8.44364542292,-10.5429043197
3, 0.712046963667,3.81616971997,3.49874253127,4.58633229862,-8.63136974604,-6.77940885031,-9.59952286335
3, 0.747096738703,3.7110360966,4.04827153152,4.5918601447,-9.27523736488,6.87475051479,8.95705770155
3, 0.753411257819,4.35785758124,4.90300229136,4.88290928104,-10.0160109543,-7.42374256457,-9.8631223858
4, 0.720446314999,4.04811823578,3.42357332805,4.37188610611,-8.32752381995,-7.1598068955,8.58493464441
4, 0.727519257538,4.78634927389,3.49640504489,4.45651400394,-8.67760169549,-6.84994122333,8.5180478033
4, 0.679163054853,4.26678932014,3.26670334303,4.57512023051,-8.49607046954,-6.74317146724,10.3719675011
4, 0.736847175256,3.63233288286,3.40712377866,4.52488132112,-8.49108974789,-6.38481468252,10.0025601822
4, 0.703011248859,4.91409321497,3.46113962821,4.57897615016,-8.65370299282,-7.42528350223,8.92530211942
4, 0.711759808716,3.56495130234,3.21734456874,4.33615439384,-8.11806269584,-6.12505788817,-8.92758011949
4, 0.552171330818,3.06195338952,3.90922193512,4.51682808242,-8.73731257477,6.10061779262,-9.46559493274
4, 0.644035380626,4.69649005848,2.97429001856,4.27967229114,-7.98878999815,-6.72980901508,8.15753766967
4, 0.565843574801,3.82329395646,2.83280195404,4.37451474893,-7.98867528247,6.30624484259,8.64114041449
4, 0.589959844274,4.02416057487,2.9885285618,4.22697299605,-7.83567209656,6.27057645041,9.01509710463
4, 0.658001347412,3.8451662571,3.06483898715,4.06227301674,-7.76853555699,-5.99368122502,7.78444376994
4, 0.419250439923,2.37767728812,2.88177189429,3.28700221642,-6.73140222452,-5.02762889873,6.4172901553
4, 0.667888093573,4.4664741068,3.31197513274,4.38892760701,-8.27973978666,6.69969344925,8.62464411907
4, 0.711208882101,3.72226873263,3.28083496675,4.23258558943,-8.43315522629,-6.19192599033,8.01941233625
4, 0.690787702482,5.8262784031,3.37326592893,4.52315885325,-8.60937025144,-7.43873928943,8.63516799507
4, 0.536142115857,2.95089796478,4.22358763823,3.66344161387,-7.60761472415,-5.37149738256,-8.86638986538
4, 0.692484100627,4.01340679193,3.2464785713,4.27992895613,-8.27198360479,-6.40265427036,8.13620104254
4, 0.628480587668,3.99211553068,3.15771443764,4.43449680402,-8.23139488845,6.52423265408,-9.44988603082
4, 0.627975722545,3.85540904346,3.17710256117,4.34120552296,-8.10310049463,6.56067322002,-9.05115680572
4, 0.643148568338,4.07590001347,2.8829139216,4.08219245417,-7.74148741354,-6.24536625742,7.69186288413
4, 0.679182291777,3.82954961564,3.17186013631,4.12710407999,-8.76759249505,-6.19324659919,7.77886136357
4, 0.444593633723,2.81473625283,2.65859683309,3.4561017647,-6.76242925566,-4.92799522834,6.59646952479
4, 0.591152273386,3.9055004804,2.93749042628,4.43731353569,-8.15280563323,6.39109090569,-8.58270957781
4, 0.727295857848,3.60746692498,3.27805362158,4.45492412329,-8.33650735437,-6.2723282586,8.90788628387
4, 0.709628200319,4.00798337364,3.30810654051,4.42491759418,-8.3468127944,-6.44462504351,8.61522138673
4, 0.649034908639,4.23923307478,3.208941171,4.18049427902,-7.89694745443,6.38208689955,8.38578192175
4, 0.45450882365,2.08379666351,2.75516159688,3.5664248611,-7.07466857072,-5.14421445294,6.77618471944
4, 0.746450022683,4.093327034,3.49714828361,4.76258025549,-9.02650315166,7.15402896432,-9.06076604986
4, 0.745895012154,3.92991353721,3.34580955346,4.79203858888,-8.89681049661,-7.11782163786,-9.26978573533
4, 0.707906570596,4.5897723718,3.43926921356,4.50962539985,-8.73914207401,7.21289323023,8.56431195032
4, 0.726628570268,5.19849692001,3.5074796933,4.47948867634,-9.28964897807,7.62172332286,8.47808382753
4, 0.742681877793,3.79732623984,3.48899902173,4.47962205695,-8.53106939941,-6.40244653417,8.75153363504
4, 0.735508194508,4.14800361032,3.3315126938,4.43065773819,-8.44657340693,-7.16150373182,8.47916420835
4, 0.589270481082,2.87399018962,4.1164959514,3.99850934879,8.11379599024,7.19690705807,8.37173706929
4, 0.73195339199,3.94187763832,3.36204525784,4.37691960746,-8.2607194042,-6.34787784007,8.84396701341
4, 0.704603011938,4.38920646451,3.27790474282,4.41312552336,-8.26931191084,-7.88356939897,8.91822385481
4, 0.72847815595,4.1505644794,3.27360808311,4.30993494223,-8.10175726935,-6.39020513414,-9.91711536774
4, 0.676868607146,4.22105806044,3.29187704942,4.31544353627,-8.15927973333,6.74948510511,8.50527647988
4, 0.745127847036,4.33387027464,3.49018468768,4.66719634099,-8.88025089886,6.83413535662,8.91385130766
4, 0.714862157355,3.72182308511,3.2004903608,4.12171265807,-8.64126166758,6.01077022536,7.78702201869
4, 0.750876268471,4.45834238068,3.55892843883,4.80178213973,-8.98217319462,8.65610015439,10.873799727
4, 0.747136439842,5.00138347618,3.60262375061,4.70615578403,-8.8723207506,-7.24749138005,9.49929957168
4, 0.755715276818,3.43845495946,3.58149645301,4.80934718874,-9.02994534333,7.35184177792,-9.48511648065
4, 0.61905377655,2.55125527771,4.41623259761,3.73507879539,8.01331317159,-5.47766297835,7.9192859755
4, 0.535743838786,2.0169217564,2.76349726681,4.40336533483,8.91920465103,5.45153116879,-7.98978146631
4, 0.743202650797,5.74119104634,3.47708632379,4.65281444816,-9.06436846675,7.53894623657,8.7669461969
4, 0.747830887671,3.41754629887,3.32947656347,4.63745958338,-8.97509765942,-6.94988342036,8.66822703831
4, 0.656543007917,4.22244909537,3.29980137186,4.27285495375,-8.09689363811,6.65647769789,8.45791146182
4, 0.724253878092,3.72786581467,3.26263792293,4.35092199334,-8.20032139436,-6.23468002887,8.53223652052
4, 0.708801366829,3.93430042398,3.30153482297,4.32078462326,-8.1319507992,-6.32967303057,10.395449961
4, 0.668320397084,4.2258487618,3.16657800718,4.33306322162,-8.0950765415,-6.84712852173,8.71427878008
4, 0.471057653221,2.21155352762,3.41413711681,3.82472022588,-8.12451197461,-6.15757194595,7.45382426778
4, 0.630089759982,3.74914900433,3.18776312241,4.23936009413,-8.05745530945,6.1311546309,-8.16184498148
4, 0.6438950333,4.62350462369,3.05846681089,4.3847014287,-8.10947654175,7.88105600724,9.02429330563
4, 0.706288560996,3.76429057563,3.23912281388,4.31665745938,-8.09455585234,-6.24888061212,10.3045354041
4, 0.667972260825,3.99593163704,3.15474038656,4.14228178331,-7.8843265714,-6.15008004067,8.01877671018
4, 0.57725261404,3.89819094175,2.93967373183,4.24921844612,-7.87057640135,6.27171765749,8.31038676566
4, 0.615029888261,4.66146871114,3.05455279821,4.21070385047,-8.04451613613,6.79686411855,7.95279302009
4, 0.687545100456,3.72212144792,3.13250144649,4.27249418589,-8.07838631016,-6.18297099605,8.18577056693
4, 0.41789660965,2.90476655229,2.7425482093,3.28341322318,-6.41412063627,-5.02868193138,6.48554404573
4, 0.692122319699,3.56787195175,3.19622931432,4.34193054559,-8.29475180269,-6.22173037108,8.23271498365
4, 0.683997907369,3.78999947024,3.20649851356,4.21108495468,-8.46789744165,-6.3986217297,7.93802057739
4, 0.5392461072,3.51263519715,2.81730443804,4.11924745947,-7.59354497309,6.16814445673,8.3690497068
4, 0.529294306857,2.92920899248,2.89052947279,4.15916975474,-7.71222773507,5.62915993111,-8.14115907886
5, 0.505909581328,2.72051923419,2.00722014356,3.26856490405,6.24032752943,4.838857843,-5.9589981393
5, 0.632571195424,2.62286065741,2.50643889051,3.91761228669,7.85272177495,5.426530411,-7.13755336821
5, 0.569011875835,2.7055090801,2.25568624482,3.55798623547,6.57810319606,4.97567686379,-6.66030522167
5, 0.582413609009,2.56863708189,2.33065476633,3.34705901188,6.53296302451,4.72504458447,-6.23498467779
5, 0.658279875109,2.97218128291,2.51017851102,4.08317234128,7.38413338464,5.6287808237,-8.23435752113
5, 0.640440667129,3.24623980193,2.38928069713,3.68792071708,6.94249380479,5.36710412398,-6.82680814545
5, 0.592354535734,2.8065055703,2.27511968736,3.55806712134,6.55339026597,5.02499770891,-6.73314508785
5, 0.646565789937,3.05097328457,2.51508849659,3.75777496106,7.0685040233,5.47505590136,-7.02328883048
5, 0.705285721496,3.21096496329,2.67889324786,4.33382047866,8.06083265619,6.03470004577,-7.93776155598
5, 0.71042744675,3.09984421532,2.75625223464,4.40669477895,8.82777709308,6.32966519838,-7.99276155467
5, 0.63088099602,2.747029393,2.40944803645,3.87960869538,7.24386270337,5.3900196567,-7.12225050819
5, 0.699308254566,2.89774457236,2.72199341826,4.40872130918,9.06078816579,6.18426971942,-7.97554016341
5, 0.532184200764,2.53176009945,2.09234977581,3.53353047427,6.58251222739,4.95353533991,-6.43578677195
5, 0.62264464475,2.6628521219,2.4565160567,3.56054513477,6.84381762962,4.96985094305,-6.64106598235
5, 0.712803723474,3.30708049689,2.65163374656,4.26301967239,8.16120438561,6.12682551217,-7.75091292716
5, 0.71246119224,2.99118001821,2.67764656997,4.23837509181,7.86066465585,5.92670902843,-7.83395783268
5, 0.707365411954,3.50387011735,2.6068212114,4.37382670647,8.02126275924,6.21008425861,-8.00826309654
5, 0.714269982203,2.98615997421,2.78630042564,4.38962193649,8.23298093165,6.03823597283,-8.05767569532
5, 0.72255047629,3.12871633382,2.79411481804,4.40806931017,8.10409165602,6.02591266889,-8.2345748387
5, 0.708774636256,3.13942529246,2.71430980262,4.45113558865,-8.50633265728,-8.29667469489,-8.06002246056
5, 0.673230393739,3.54761743879,2.57204337511,4.05473899794,7.36869324322,5.88825421987,8.66151195529
5, 0.503818441431,2.75436210733,2.03561623874,3.28066136908,6.15091547525,4.83182428303,-6.04138327709
5, 0.547677213904,2.73113751199,2.16734973959,3.52860933264,6.44083464022,4.93035690803,-6.67237521798
5, 0.687843895334,3.01602004831,2.61419298731,4.30576483079,7.89218752256,5.87470641034,-7.94333485441
5, 0.574655858671,2.58210506132,2.26588463683,3.38137690218,6.63026145293,4.8380823705,-6.23803353036
5, 0.649397747147,3.1707392455,2.48567314561,4.16272756452,7.78888138132,6.11114701566,-7.54909033654
5, 0.683606464396,3.17040911417,2.57233433712,4.17030221668,7.56341929202,5.76454336765,-8.05158960045
5, 0.664698824209,3.7417526381,2.55117238342,3.71348147623,6.96836703076,-6.27052380737,-7.02841836207
5, 0.696967702382,2.98684931801,2.6640141731,4.17852948267,8.09411464251,5.93284664176,-7.62332119962
5, 0.606563597604,3.13968207496,2.31689041331,3.5370335212,6.62680233852,5.17786291448,-6.60287730895
5, 0.558507265734,2.92932717348,2.16575061872,3.31839925982,6.32590940458,4.88980991051,-6.13623493478
5, 0.565043603862,2.57420004528,2.19347239637,3.54096414959,6.55218504559,4.85422787981,-6.56541115981
5, 0.65155397242,3.08413755388,2.49728553283,3.82511079588,7.15854011716,5.44468803377,-7.11708347397
5, 0.672139374991,2.87751957004,2.60114934844,4.16278272909,8.14556166884,5.81765889916,-7.55884652422
5, 0.542885044505,2.94064878849,2.11073543483,3.42241396832,6.36963753002,4.99879609327,-6.31304648594
5, 0.687464264436,3.09564954484,2.61456023785,4.3488073632,7.98229961664,5.942687795,-7.97972036545
5, 0.510388843789,2.60622489824,1.98854667676,3.17908571862,6.04056449437,4.6971474094,-5.83375473682
5, 0.535915943213,2.80578521309,2.10856436755,3.25266536956,6.0806720787,4.6799151241,-6.08696396883
5, 0.631882150917,2.66907252137,2.4428134905,3.86518695621,7.02290880112,5.23727836099,-7.90405638635
5, 0.62146857715,2.89153097655,2.39428532668,3.67854537837,6.89541933612,5.23325034114,-6.83916526743
5, 0.681710367992,3.22816777974,2.52749032621,4.17197713617,7.63639545274,5.89430972502,-7.71515989434
5, 0.676886957617,3.08587110993,2.49369309959,4.0500943112,7.32371105386,5.60387494538,-8.37307878728
5, 0.699349377061,3.25526664937,2.63832689273,4.32218373632,7.99525137517,6.14754284796,-7.91756774428
5, 0.699296196628,2.97550185586,2.65825362764,5.11458195308,-9.26138787818,-6.78675343438,-9.07890281655
5, 0.50853914118,2.56626587357,2.01908549194,2.60962194388,4.93410803277,3.90052175292,5.59454376466
5, 0.728449184386,3.26069863318,2.81810064978,4.61064989811,8.57999147892,6.45786503218,-8.40531050316
5, 0.692134607772,3.22115999001,2.54832698097,4.20577386509,7.63546180979,5.81651123291,-7.91634110091
5, 0.581050410589,2.23168752933,2.35911485654,4.08014261385,7.35050678933,5.22876033483,-7.64036681392
5, 0.705919697603,3.26241219652,2.66277331853,4.2257308306,7.7589089911,5.98164555634,-7.9067932577
5, 0.688489658711,2.98822837719,2.61847536631,3.9767587872,7.67912126624,5.98400844335,-7.31096379276
5, 0.695166482123,3.18206630554,2.60423049432,4.32991794329,7.843585971,5.92368527463,-8.15408570427
5, 0.698433748789,3.08960007063,2.57947997006,4.25585794491,8.00503597406,5.96845818163,-7.7267184273
5, 0.730199604907,3.41537447018,2.79404433924,4.67452823202,8.71350195956,6.49818012337,-8.47007829982
5, 0.690720387792,3.02043155648,2.61463401237,4.13729788832,7.58237568954,5.67512867619,-7.7955049176
6, 0.685252707785,4.4451599474,3.68763703933,4.6871171944,-9.25634997948,6.97559622218,-8.9155581861
6, 0.677075182246,3.56612369922,3.69723127829,4.78642163,9.86885569505,6.89339373981,-9.03282005064
6, 0.6611969089,4.46814166844,3.83125638031,4.68666976589,10.0020781068,7.28579308956,-8.94731374567
6, 0.535189090444,4.49155256539,3.37368913559,4.31614842806,-8.17167025975,6.5914202397,-8.82200891895
6, 0.560407257078,4.89885661008,3.3873515878,4.37896769677,9.05784544778,6.83561576033,-8.2677629568
6, 0.615187369953,5.41845569538,3.82753710333,4.46928393039,-8.61786771238,-7.41820305681,10.1668026465
6, 0.675620752191,3.97922853658,3.74653696866,4.77614912252,-9.06515469404,-7.27189483102,9.49860786066
6, 0.705716668036,4.23328316798,3.87809864672,4.7561715299,-9.79745096793,7.52246252858,-9.08118284174
6, 0.723665051274,3.89505214729,3.72803126446,4.57739054182,8.8101248149,6.66861670603,-8.9856544942
6, 0.615144674181,4.58050728599,3.3847077843,4.42168753969,-8.44443707174,6.71340992858,-8.51152449837
6, 0.626184344057,4.78825406383,3.80780609104,4.62485764855,-9.25186049525,-7.30450273677,-8.8767073262
6, 0.652990821112,5.24792410414,3.63837483779,4.64568467893,-8.93490100848,-7.64313565273,-8.94160967501
6, 0.610972296037,3.9987225919,3.94788518111,4.25658730986,-8.48088489475,-6.29607600518,-8.54209096168
6, 0.533508050548,3.67448084955,3.21013182241,4.05986807836,-7.72907153396,5.96726516098,8.11308719892
6, 0.564052205503,4.9206956502,3.86543345703,4.35900938394,-8.81834960778,7.66398765953,-8.52028141144
6, 0.599207967797,4.22645719913,3.53858507292,4.28466935072,9.06857624062,6.89689107009,-8.20024235993
6, 0.626651472816,5.47181775333,3.75983575799,4.52722806762,-8.99921670999,-7.42559607317,-8.72480639218
6, 0.696642583721,4.87565190669,3.74239125983,4.84306523562,9.77967005154,-7.77780207012,-9.14728675736
6, 0.718479212168,4.5246045502,3.65151571793,4.5690844404,-10.1604096736,7.05131275231,-8.67962162477
6, 0.694316195789,4.37363832571,3.5365372822,4.58431170052,-9.67471175098,-7.55235084476,-8.64663596433
6, 0.540339004888,3.57172280797,2.89235790609,4.69292100958,8.88498116839,-7.42402444606,-8.52313992892
6, 0.67957462629,5.67537033285,4.05491491784,4.57487276125,9.73012927898,7.44741555913,-8.89434378193
6, 0.701206091167,5.00134192122,3.67826512911,4.57798316926,9.24896004547,7.90050538175,-8.72470745968
6, 0.714769904609,3.95782458698,3.71984201911,4.51694341068,8.68502690804,6.53305824276,-8.97994717323
6, 0.623032217585,4.60715544424,3.46435435718,4.47698052786,-8.46688664373,-8.47199463508,-8.98348588832
6, 0.580564709773,3.84654158737,3.35730557232,4.15878592164,8.8042806044,6.56946084868,-7.92050896428
6, 0.53111745157,4.59156653763,2.99661551407,3.68121460988,-7.47355606658,6.36759829504,-7.0488581995
6, 0.549311515923,5.01823539712,3.54718229836,4.01057552732,8.56405091626,6.52127619649,-7.79567409338
6, 0.676410961039,5.23390250952,3.747436166,4.55978534616,-8.7802029369,-7.50532876496,-9.0019105051
6, 0.636933695295,3.44411844579,4.5270907595,4.96779042697,9.72052804948,6.91525567496,-10.5242351219
6, 0.571678016905,5.40469801546,3.8271481754,4.10668067865,-9.42962127325,6.81034018718,-8.07401692234
6, 0.534023235562,3.75743214028,3.16661354763,3.84702689702,-7.53796221948,5.94354924118,-7.47527116156
6, 0.584152465554,3.90475282623,3.3694662678,4.39493820871,-9.62818341597,-7.11647037575,-8.27757206535
6, 0.616987741568,4.25070633401,3.94962040647,4.33446099672,-8.86259169185,-6.50577492223,-8.51669440552
6, 0.527466239498,4.0437574253,3.00351668562,3.96995656347,-7.69056358921,6.51029779878,-7.5471224755
6, 0.535743443265,4.85399420578,3.52533531063,4.17646447594,-8.30913011214,-6.69053676238,-8.0966546206
6, 0.379839475573,2.69307373648,4.68937227662,4.17577847828,-9.04264611532,-5.82753994063,-8.63993033473
6, 0.61495769078,4.59628459365,3.71771205373,4.35055127057,9.78107611927,-6.64907939966,-8.3850331343
6, 0.547133713542,4.29069788966,3.02709153422,3.95094803384,-7.69072957074,6.50073408331,-7.52216069697
6, 0.560315930453,4.55802621443,3.41686807944,4.11998958727,-9.11148114429,6.47944756631,-7.88919718738
6, 0.603922476234,4.69682946077,3.44511393099,4.49804164937,-8.88051163731,-8.44059355095,-8.50509795945
6, 0.627953824907,4.2790953433,3.57136891735,4.40318055406,-8.5174790278,-6.54833169978,-8.56731462962
6, 0.565576931147,4.96642650085,3.41766730634,4.35577678935,-8.988711373,-7.06948170215,-8.24960135619
6, 0.587622804994,3.88330779946,3.21617523657,4.09390949048,8.07852690479,6.36582108218,-7.80268326395
6, 0.540249587467,4.3936309881,3.03072026045,4.04008693404,-7.99717696636,-7.33570132766,-7.60910802398
6, 0.634732832086,4.6444673364,3.61679883577,4.47147606527,-8.70466324581,-6.83710065819,-8.63341248245
6, 0.574872427525,3.9025904683,3.02610858231,4.24375954093,-7.98343352526,6.21669976897,-8.08728363026
6, 0.579373752484,5.82764351905,3.51389863541,4.43165566501,9.03512036055,7.68628851383,-8.41666644754
6, 0.650918615264,4.09082542296,3.44372582498,4.47024764582,8.60288476974,6.82082510869,-8.55522397581
6, 0.673668349906,4.10673409293,3.65070796151,4.7425004162,9.38704458347,-6.93514767006,-8.96862050135
6, 0.554102537955,4.08940990378,3.67625210478,4.1998313955,-9.15510182411,-6.27716482226,-8.13988831042
6, 0.577360240736,4.10449629253,3.31067702709,4.11490726084,-8.74088188275,8.49978620128,-7.830962641
6, 0.539894712872,4.7362727472,3.02509908608,4.01603760072,-7.55452875691,6.9147559127,-8.08717978979
6, 0.626009083747,4.02407083662,3.54269815474,4.44817485858,-8.5011242836,-6.48812646692,-8.76022795485
7, 0.675629654862,3.05808431048,3.05991768431,5.5460243807,-9.85455129228,-7.0752962253,10.6477681954
7, 0.643815132628,3.06978393514,2.9128193264,4.7465050445,-9.25362058528,-6.45374455714,-8.5859761132
7, 0.703596909736,2.98182543388,3.11225968848,5.13918806918,9.65627550448,-6.96566998097,-9.30404786338
7, 0.686064313647,3.04933241117,3.07860633219,5.06346274509,9.22102399457,7.74903034946,-9.3761279989
7, 0.675074111696,3.20482313581,2.98543961266,4.95156271882,-8.99351710101,-6.56693661438,-9.19112795118
7, 0.681929331066,2.93519189584,3.06880111258,5.00675119164,9.07479935551,6.6616147686,9.48734405446
7, 0.746174204227,3.0304699794,3.19621485952,5.31048371774,11.0099200251,-7.13095275853,-9.56411152789
7, 0.703130913435,3.00718016572,3.08152759226,5.21267197433,-10.6452286792,-6.87542406056,-9.36035577311
7, 0.70331684952,2.76469071194,3.09583251349,4.98708225152,9.11474378365,7.34826289806,-9.27083074299
7, 0.71119592706,2.96592667492,3.0993381767,4.77405126657,8.71125736039,6.72332124162,10.025010235
7, 0.708866519446,3.05272169746,3.15603009457,5.61812767649,-10.452098751,-7.46020226846,10.0348754356
7, 0.711949212616,3.03012567481,3.21217168019,5.44792614345,9.79601747157,7.42354806997,10.327163612
7, 0.683457455504,3.34660322148,3.11464580128,5.18211803793,-9.34448686038,-6.96469354465,9.93297225044
7, 0.675212035009,3.14609490169,3.02846914837,5.50797038353,10.3168224286,-8.2645894502,9.79498998123
7, 0.693835311236,3.35555465546,3.00652385598,4.76335623413,-8.69338351923,-6.44150578091,-9.01180030207
7, 0.489943999411,2.75165534345,3.78246871994,4.56561556131,-8.74955953585,-5.97625690034,9.41510914483
7, 0.689187390538,2.98987713542,3.02238538318,5.28066671086,9.71471163198,6.97564597783,9.5012005965
7, 0.747746824415,3.25552102435,3.2431563167,5.79599982907,-10.9065318179,-7.64443327502,10.3303532618
7, 0.733668859695,3.00405686558,3.22404907971,5.80887295276,-11.1864392731,-7.43343831127,-10.3294901385
7, 0.718564298006,2.89269788306,3.16016133819,5.50297128576,-9.86153486691,-6.96384698166,10.3006136361
7, 0.683529966833,3.15198194657,3.00289510247,4.81688761634,-8.73394987115,-6.39871412077,-9.4709450206
7, 0.684027765812,3.26066480105,3.11245775189,5.45729643205,9.74796169819,7.21494746313,-10.5321675448
7, 0.683537758614,3.33826458695,3.16602493695,5.32631094402,-9.83957934492,-7.02769766578,-9.64754814607
7, 0.678226380381,3.18823163283,3.07071219754,5.03701505738,9.37262767389,6.74175399542,9.16017523398
7, 0.741019567729,3.20299635155,3.25397040981,5.74763517434,10.306190115,7.65865166299,10.5642675157
7, 0.528575104585,3.21539676174,3.94790656099,3.74495500614,7.77121248131,5.49048512413,-7.71607928306
7, 0.710528792982,3.21893840552,3.07925376694,4.92474834056,-8.99238747268,-6.55706601654,-9.21854159421
7, 0.736760136731,3.02512347496,3.34507428376,6.03282135214,-10.9844006218,-7.81217413897,10.7987112556
7, 0.683270635588,3.23638081385,3.04430267682,5.94360946921,-10.4503930651,-7.56388523323,11.0582534899
7, 0.657919346889,3.39261154873,2.90475767331,4.86231817657,-8.77920479231,-6.55947090311,-9.16915485329
7, 0.46271863886,2.73187250585,5.21871321504,4.27782310816,-9.04965676658,-5.67560225759,-9.52000632803
7, 0.667524114605,3.13021189534,3.0068819769,4.93184419021,9.07466523548,6.64188825478,9.03097340066
7, 0.675176321014,3.12444646547,2.99159234959,5.41218969549,9.74884251244,7.77657226882,9.78158177595
7, 0.663673406805,2.72920238709,3.12112345074,5.21215576876,-9.65435476705,6.59652060936,9.45046512074
7, 0.68183860183,3.09785562009,3.09068010773,5.06157572804,-9.85444531683,-6.7540469691,-9.14585819602
7, 0.679641844666,2.94129334513,3.08809520853,4.66391690353,8.82393470682,6.18131396154,8.60837495427
7, 0.676012604348,3.1407763219,3.12067213148,5.57550350333,-9.96139697163,-7.29563999582,10.3218187626
7, 0.662505948866,3.0311749052,2.93649361049,4.86950495982,-8.93533983575,-6.39059202501,-8.91136032638
7, 0.467273595932,2.76334700342,3.69407568457,4.97986233944,-9.31690151343,-6.45930970587,-11.0621926562
7, 0.653163684518,3.05326530355,3.04587488305,5.15600661653,-9.25752790049,6.74578988974,10.5437008345
7, 0.721662561194,3.08886538347,3.14779684285,5.43986985443,-10.4093161466,-7.09907003454,-9.74359750507
7, 0.7057514855,2.92372146039,3.18159748552,5.67503260486,10.1789255314,-7.89198465059,-10.3692214625
7, 0.669856024652,3.2989724395,2.8611221095,5.2158218281,-10.0580653076,-7.20666357004,9.25972164691
7, 0.686830506022,2.80003457715,3.0242233654,5.45685642609,-10.3501896503,-6.96688887002,-9.70841526668
7, 0.6725386433,3.25747138117,3.09040283199,5.99881008018,-10.6458968016,7.94159535836,-10.7557022483
7, 0.472356717799,2.85340945261,3.69002274862,3.93812411106,8.44393185202,5.51599169148,7.76136870748
7, 0.660854604589,3.25988337181,3.01331644067,5.27487419675,-9.47338749027,-6.91201337467,-9.74611654667
7, 0.667978505825,3.16284943256,3.12479380467,5.47795814606,-9.8643738111,7.24906528588,-10.0240344168
7, 0.672475871301,3.01591163864,3.02629292345,5.25768539169,-10.1133795782,-7.16797126099,9.40794615075
7, 0.446688478007,3.0215189325,3.81350577749,3.61749014004,-8.97530732907,5.19570047379,-7.3331008779
7, 0.624723408755,3.12271334425,2.74693425118,4.64708785611,-8.49004133362,-6.33459307314,8.49928484339
7, 0.653039948385,2.8037027355,3.00465395146,5.49382901063,9.83572880169,7.13642786031,9.97268969386
7, 0.69100241239,3.18296546353,3.05759995212,5.53756627432,9.88048775113,7.26056579655,-10.1975685234
7, 0.691910423567,3.44659945183,3.03729522684,5.23067581819,-9.40404598519,-6.95610328916,-9.75476979961
7, 0.484262094097,3.01741307081,4.65915132392,4.35807964362,-8.96746402477,-5.8688692363,-9.08184852348
7, 0.701816955056,3.10731858889,3.08727306579,5.1412544514,9.40967102415,6.81223216925,9.40245533218